1,1,1,1,1,NULL,NULL,1
2,2,1,1,1,NULL,NULL,2
3,3,1,1,1,NULL,NULL,3
4,4,1,1,1,NULL,NULL,3
5,5,1,1,1,NULL,NULL,3
6,6,1,1,1,NULL,NULL,3
7,7,1,1,1,NULL,NULL,3
8,8,1,1,1,NULL,NULL,3
9,9,1,1,1,NULL,NULL,3
10,10,1,1,1,NULL,NULL,3
11,11,1,1,1,NULL,NULL,3
12,12,1,1,1,NULL,NULL,3
13,13,1,1,1,NULL,NULL,3
14,14,1,1,1,NULL,NULL,3
15,15,1,1,1,NULL,NULL,3
16,16,1,1,1,NULL,NULL,3
17,17,1,1,1,NULL,NULL,3
18,18,1,1,1,NULL,NULL,3
19,19,1,1,1,NULL,NULL,3
20,20,1,1,1,NULL,NULL,3
21,21,1,1,1,NULL,NULL,3
22,22,1,1,1,NULL,NULL,3
23,23,1,1,1,NULL,NULL,3
24,24,1,1,1,NULL,NULL,3
25,25,1,1,1,NULL,NULL,3
26,26,1,1,1,NULL,NULL,3
27,27,1,1,1,NULL,NULL,3
28,28,1,1,1,NULL,NULL,3
29,29,1,1,1,NULL,NULL,3
30,30,1,1,1,NULL,NULL,3
31,31,1,1,1,NULL,NULL,3
32,32,1,1,1,NULL,NULL,3
33,33,1,1,1,NULL,NULL,3
34,34,1,1,1,NULL,NULL,3
35,35,1,1,1,NULL,NULL,3
36,36,1,1,1,NULL,NULL,3
37,37,1,1,1,NULL,NULL,3
38,38,1,1,1,NULL,NULL,3
39,39,1,1,1,NULL,NULL,4
40,40,1,1,1,NULL,NULL,4
41,41,1,1,1,NULL,NULL,4
42,42,1,1,1,NULL,NULL,4
43,43,1,1,1,NULL,NULL,4
44,44,1,1,1,NULL,NULL,4
45,45,1,1,1,NULL,NULL,4
46,46,1,1,1,NULL,NULL,4
47,47,1,1,1,NULL,NULL,4
48,48,1,1,1,NULL,NULL,4
49,49,1,1,1,NULL,NULL,5
50,50,1,1,1,NULL,NULL,5
51,51,1,1,1,NULL,NULL,5
52,52,1,1,1,NULL,NULL,5
53,53,1,1,1,NULL,NULL,5
54,54,1,1,1,NULL,NULL,5
55,55,1,1,1,NULL,NULL,5
56,56,1,1,1,NULL,NULL,5
57,57,1,1,1,NULL,NULL,5
58,58,1,1,1,NULL,NULL,5
59,59,1,1,1,NULL,NULL,5
60,60,1,1,1,NULL,NULL,5
61,61,1,1,1,NULL,NULL,5
62,62,1,1,1,NULL,NULL,5
63,63,1,1,1,NULL,NULL,5
64,64,1,1,1,NULL,NULL,5
65,65,1,1,1,NULL,NULL,5
66,66,1,1,2,NULL,NULL,NULL
67,67,1,1,2,NULL,NULL,NULL
68,68,1,1,2,NULL,NULL,NULL
69,69,1,1,2,NULL,NULL,NULL
70,70,1,1,2,NULL,NULL,NULL
71,71,1,1,2,NULL,NULL,NULL
72,72,1,1,2,NULL,NULL,NULL
73,73,1,1,2,NULL,NULL,NULL
74,74,1,1,2,NULL,NULL,NULL
75,75,1,1,2,NULL,NULL,NULL
76,76,1,1,2,NULL,NULL,NULL
77,77,1,1,2,NULL,NULL,NULL
78,78,1,1,2,NULL,NULL,NULL
79,79,1,1,2,NULL,NULL,NULL
80,80,1,1,2,NULL,NULL,NULL
81,81,1,1,2,NULL,NULL,NULL
82,82,1,1,2,NULL,NULL,NULL
83,83,1,1,2,NULL,NULL,NULL
84,84,1,1,2,NULL,NULL,NULL
85,85,1,1,2,NULL,NULL,NULL
86,86,1,1,2,NULL,NULL,NULL
87,87,1,1,2,NULL,NULL,NULL
88,88,1,1,2,NULL,NULL,NULL
89,89,1,1,2,NULL,NULL,NULL
90,90,1,1,2,NULL,NULL,NULL
91,91,1,1,2,NULL,NULL,NULL
92,92,1,1,2,NULL,NULL,NULL
93,93,1,1,2,NULL,NULL,6
94,94,1,1,2,NULL,NULL,6
95,95,1,1,2,NULL,NULL,NULL
96,96,1,1,2,NULL,NULL,NULL
97,97,1,1,2,NULL,NULL,NULL
98,98,1,1,2,NULL,NULL,7
99,99,1,1,2,NULL,NULL,NULL
100,100,1,1,2,1,NULL,8
101,101,1,1,3,NULL,NULL,NULL
102,102,1,1,3,NULL,NULL,NULL
103,103,1,1,4,NULL,NULL,5
104,104,1,1,4,NULL,NULL,5
105,105,1,1,4,NULL,NULL,5
106,106,1,1,4,NULL,NULL,5
107,107,1,1,4,NULL,NULL,5
108,108,1,1,4,NULL,NULL,5
109,109,1,1,4,NULL,NULL,5
110,110,1,1,4,NULL,NULL,5
111,111,1,1,4,NULL,NULL,5
112,112,1,1,4,NULL,NULL,5
113,113,1,1,4,NULL,NULL,5
114,114,1,1,4,NULL,NULL,5
115,115,1,1,4,NULL,NULL,5
116,116,1,1,4,NULL,NULL,5
117,117,1,1,4,NULL,NULL,5
118,118,1,1,4,NULL,NULL,5
119,119,1,1,4,NULL,NULL,5
120,120,1,1,4,NULL,NULL,5
121,121,1,1,4,NULL,NULL,5
122,122,1,1,4,NULL,NULL,5
123,123,1,1,4,NULL,NULL,5
124,124,1,1,4,NULL,NULL,5
125,125,1,1,4,NULL,NULL,5
126,126,1,1,4,NULL,NULL,5
127,127,1,1,4,NULL,NULL,5
128,128,1,1,4,NULL,NULL,5
129,129,1,1,4,NULL,NULL,5
130,130,1,1,4,NULL,NULL,5
131,131,1,1,4,NULL,NULL,5
132,132,1,1,4,NULL,NULL,5
133,133,1,1,4,NULL,NULL,5
134,134,1,1,4,NULL,NULL,5
135,135,1,1,4,NULL,NULL,5
136,136,1,1,4,NULL,NULL,5
137,137,1,1,4,NULL,NULL,5
138,138,1,1,4,NULL,NULL,5
139,139,1,1,4,NULL,NULL,5
140,140,1,1,4,NULL,NULL,5
141,141,1,1,4,NULL,NULL,5
142,142,1,1,4,NULL,NULL,5
143,143,1,1,4,NULL,NULL,5
144,144,1,1,4,NULL,NULL,5
145,145,1,1,4,NULL,NULL,5
146,146,1,1,4,NULL,NULL,5
147,147,1,1,4,NULL,NULL,5
148,148,1,1,4,NULL,NULL,5
149,149,1,1,4,NULL,NULL,5
150,150,1,1,4,NULL,NULL,5
151,151,1,1,4,NULL,NULL,5
152,152,1,1,4,NULL,NULL,5
153,153,1,1,4,NULL,NULL,5
154,154,1,1,4,NULL,NULL,5
155,155,1,1,4,NULL,NULL,5
156,156,1,1,4,NULL,NULL,5
157,157,1,1,4,NULL,NULL,5
158,158,1,1,4,NULL,NULL,5
159,159,1,1,4,NULL,NULL,5
160,160,1,1,4,NULL,NULL,5
161,161,1,1,4,NULL,NULL,5
162,162,1,1,4,NULL,NULL,5
163,163,1,1,4,NULL,NULL,5
164,164,1,1,4,NULL,NULL,5
165,165,1,1,4,NULL,NULL,5
166,166,1,1,4,NULL,NULL,5
167,167,1,1,4,NULL,NULL,5
168,168,1,1,4,NULL,NULL,5
169,169,1,1,4,NULL,NULL,5
170,170,1,1,4,NULL,NULL,5
171,171,1,1,4,NULL,NULL,5
172,172,1,1,4,NULL,NULL,5
173,173,1,1,4,NULL,NULL,5
174,174,1,1,4,NULL,NULL,5
175,175,1,1,4,NULL,NULL,5
176,176,1,1,4,NULL,NULL,5
177,177,1,1,4,NULL,NULL,5
178,178,1,1,4,NULL,NULL,5
179,179,1,1,4,NULL,NULL,5
180,180,1,1,4,NULL,NULL,5
181,181,1,1,4,NULL,NULL,5
182,182,1,1,4,NULL,NULL,5
183,183,1,1,4,NULL,NULL,5
184,184,1,1,4,NULL,NULL,5
185,185,1,1,4,NULL,NULL,5
186,186,1,1,4,NULL,NULL,5
187,187,1,1,4,NULL,NULL,5
188,188,1,1,4,NULL,NULL,5
189,189,1,1,4,NULL,NULL,5
190,190,1,1,4,NULL,NULL,5
191,191,1,1,4,NULL,NULL,5
192,192,1,1,4,NULL,NULL,5
193,193,1,1,4,NULL,NULL,5
194,194,1,1,4,NULL,NULL,5
195,195,1,1,4,NULL,NULL,5
196,196,1,1,4,NULL,NULL,5
197,197,1,1,4,NULL,NULL,5
198,198,1,1,4,NULL,NULL,5
199,199,1,1,4,NULL,NULL,5
200,200,1,1,4,NULL,NULL,5
201,201,1,1,4,NULL,NULL,5
202,202,1,1,4,NULL,NULL,5
203,203,1,1,4,NULL,NULL,5
204,204,1,1,4,NULL,NULL,5
205,205,1,1,4,NULL,NULL,5
206,206,1,1,4,NULL,NULL,5
207,207,1,1,4,NULL,NULL,5
208,208,1,1,4,NULL,NULL,5
209,209,1,1,4,NULL,NULL,5
210,210,1,1,4,NULL,NULL,5
211,211,1,1,4,NULL,NULL,5
212,212,1,1,4,NULL,NULL,5
213,213,1,1,4,NULL,NULL,5
214,214,1,1,4,NULL,NULL,5
215,215,1,1,4,NULL,NULL,5
216,216,1,1,4,NULL,NULL,5
217,217,1,1,4,NULL,NULL,5
218,218,1,1,4,NULL,NULL,5
219,219,1,1,4,NULL,NULL,5
220,220,1,1,4,NULL,NULL,5
221,221,1,1,4,NULL,NULL,5
222,222,1,1,4,NULL,NULL,5
223,223,1,1,4,NULL,NULL,5
224,224,1,1,4,NULL,NULL,5
225,225,1,1,4,NULL,NULL,5
226,226,1,1,4,NULL,NULL,5
227,227,1,1,4,NULL,NULL,5
228,228,1,1,4,NULL,NULL,5
229,229,1,1,4,NULL,NULL,5
230,230,1,1,4,NULL,NULL,5
231,231,1,1,4,NULL,NULL,5
232,232,1,1,4,NULL,NULL,5
233,233,1,1,4,NULL,NULL,5
234,234,1,1,4,NULL,NULL,5
235,235,1,1,4,NULL,NULL,5
236,236,1,1,4,NULL,NULL,5
237,237,1,1,4,NULL,NULL,5
238,238,1,1,4,NULL,NULL,5
239,239,1,2,1,NULL,NULL,2
240,240,1,2,1,NULL,NULL,2
241,241,1,2,1,NULL,NULL,2
242,242,1,2,1,NULL,NULL,2
243,243,1,2,1,NULL,NULL,2
244,244,1,2,1,NULL,NULL,2
245,245,1,2,1,NULL,NULL,2
246,246,1,2,1,NULL,NULL,2
247,247,1,2,1,NULL,NULL,2
248,248,1,2,1,NULL,NULL,2
249,249,1,2,1,NULL,NULL,9
250,250,1,2,1,NULL,NULL,10
251,251,1,2,1,NULL,NULL,10
252,252,1,2,1,NULL,NULL,10
253,253,1,2,5,NULL,NULL,NULL
254,254,1,2,5,NULL,NULL,NULL
255,255,1,2,5,NULL,NULL,NULL
256,256,1,2,5,NULL,NULL,NULL
257,257,1,2,2,2,NULL,11
258,258,1,2,2,3,NULL,12
259,259,1,2,2,NULL,NULL,NULL
260,260,1,2,2,NULL,NULL,NULL
261,261,1,2,2,NULL,NULL,NULL
262,262,1,2,2,NULL,NULL,NULL
263,263,1,2,2,NULL,NULL,NULL
264,264,1,2,2,NULL,NULL,NULL
265,265,1,2,2,NULL,NULL,NULL
266,266,1,2,2,NULL,NULL,13
267,267,1,2,2,NULL,NULL,13
268,268,1,2,2,NULL,NULL,13
269,269,1,2,2,NULL,NULL,13
270,270,1,2,2,NULL,NULL,13
271,271,1,2,2,NULL,NULL,14
272,272,1,2,2,NULL,NULL,15
273,273,1,2,2,NULL,NULL,16
274,274,1,2,2,NULL,NULL,NULL
275,275,1,2,2,NULL,NULL,17
276,276,1,2,2,NULL,NULL,NULL
277,277,1,2,3,NULL,NULL,NULL
278,278,1,2,3,NULL,NULL,NULL
279,279,1,2,3,NULL,NULL,NULL
280,280,1,2,6,NULL,NULL,NULL
281,281,1,3,2,NULL,NULL,NULL
282,282,1,3,2,NULL,NULL,NULL
283,283,1,3,2,NULL,NULL,NULL
284,284,1,3,2,NULL,NULL,NULL
285,285,1,3,2,NULL,NULL,NULL
286,286,1,3,2,NULL,NULL,NULL
287,287,1,3,2,NULL,NULL,NULL
288,288,1,3,2,NULL,NULL,NULL
289,289,1,3,2,NULL,NULL,NULL
290,290,1,3,2,NULL,NULL,NULL
291,291,1,3,2,NULL,NULL,NULL
292,292,1,3,2,NULL,NULL,NULL
293,293,1,3,2,NULL,NULL,NULL
294,294,1,3,2,NULL,NULL,NULL
295,295,1,3,2,NULL,NULL,NULL
296,296,1,3,2,NULL,NULL,NULL
297,297,1,3,2,NULL,NULL,NULL
298,298,1,3,2,NULL,NULL,NULL
299,299,1,3,2,NULL,NULL,NULL
300,300,1,3,2,NULL,NULL,NULL
301,301,1,3,2,NULL,NULL,NULL
302,302,1,3,2,NULL,NULL,NULL
303,303,1,3,2,NULL,NULL,NULL
304,304,1,3,2,NULL,NULL,NULL
305,305,1,3,2,NULL,NULL,NULL
306,306,1,3,2,NULL,NULL,NULL
307,307,1,3,2,NULL,NULL,NULL
308,308,1,3,2,NULL,NULL,NULL
309,309,1,3,2,NULL,NULL,NULL
310,310,1,3,2,NULL,NULL,NULL
311,311,1,3,2,NULL,NULL,NULL
312,312,1,3,2,NULL,NULL,NULL
313,313,1,3,2,NULL,NULL,NULL
314,314,1,3,2,NULL,NULL,NULL
315,315,1,3,2,NULL,NULL,NULL
316,316,1,3,2,NULL,NULL,NULL
317,317,1,3,2,NULL,NULL,NULL
318,318,1,3,2,NULL,NULL,NULL
319,319,1,3,2,NULL,NULL,NULL
320,320,1,3,2,NULL,NULL,NULL
321,321,1,3,2,NULL,NULL,NULL
322,322,1,3,2,NULL,NULL,NULL
323,323,1,3,2,NULL,NULL,NULL
324,324,1,3,2,NULL,NULL,NULL
325,325,1,3,2,NULL,NULL,NULL
326,326,1,3,2,NULL,NULL,NULL
327,327,1,3,2,NULL,NULL,NULL
328,328,1,3,2,NULL,NULL,NULL
329,329,1,3,2,NULL,NULL,NULL
330,330,1,3,2,NULL,NULL,NULL
331,331,1,3,2,NULL,NULL,NULL
332,332,1,3,2,NULL,NULL,NULL
333,333,1,3,2,NULL,NULL,NULL
334,334,1,3,2,NULL,NULL,NULL
335,335,1,3,2,NULL,NULL,NULL
336,336,1,3,2,NULL,NULL,NULL
337,337,1,3,2,NULL,NULL,NULL
338,338,1,3,2,NULL,NULL,NULL
339,339,1,3,2,NULL,NULL,NULL
340,340,1,3,2,NULL,NULL,NULL
341,341,1,3,2,NULL,NULL,NULL
342,342,1,3,2,NULL,NULL,NULL
343,343,1,3,2,NULL,NULL,NULL
344,344,1,3,2,NULL,NULL,NULL
345,345,1,3,2,NULL,NULL,NULL
346,346,1,3,2,NULL,NULL,NULL
347,347,1,3,2,NULL,NULL,NULL
348,348,1,3,2,NULL,NULL,NULL
349,349,1,3,2,NULL,NULL,NULL
350,350,1,3,2,NULL,NULL,NULL
351,351,1,3,2,NULL,NULL,NULL
352,352,1,3,2,NULL,NULL,NULL
353,353,1,3,2,NULL,NULL,NULL
354,354,1,3,2,NULL,NULL,NULL
355,355,1,3,2,NULL,NULL,NULL
356,356,1,3,2,NULL,NULL,NULL
357,357,1,3,2,NULL,NULL,NULL
358,358,1,3,2,NULL,NULL,NULL
359,359,1,3,2,NULL,NULL,NULL
360,360,1,3,2,NULL,NULL,NULL
361,361,1,3,2,NULL,NULL,NULL
362,362,1,3,2,NULL,NULL,NULL
363,363,1,3,2,NULL,NULL,NULL
364,364,1,3,2,NULL,NULL,NULL
365,365,1,3,2,NULL,NULL,NULL
366,366,1,3,2,NULL,NULL,18
367,367,1,3,2,NULL,NULL,19
368,368,1,3,2,NULL,NULL,19
369,369,1,3,2,NULL,NULL,20
370,370,1,3,2,NULL,NULL,21
371,371,1,3,2,NULL,NULL,22
372,372,1,3,2,NULL,NULL,23
373,373,1,3,2,NULL,NULL,24
374,374,1,3,2,NULL,NULL,14
375,375,1,3,2,NULL,NULL,14
376,376,1,3,2,NULL,NULL,14
377,377,1,3,2,NULL,NULL,25
378,378,1,3,2,NULL,NULL,26
379,379,1,3,2,4,NULL,11
380,380,1,3,2,5,NULL,11
381,381,1,3,2,6,NULL,27
382,382,1,3,2,4,NULL,28
383,383,1,3,2,7,NULL,27
384,384,1,3,3,NULL,NULL,NULL
385,385,1,3,3,NULL,NULL,NULL
386,386,1,3,3,8,NULL,NULL
387,387,1,3,3,9,NULL,29
388,388,2,1,7,NULL,NULL,30
389,389,2,1,7,NULL,NULL,30
390,390,2,1,7,NULL,NULL,30
391,391,2,1,7,NULL,NULL,30
392,392,2,1,7,NULL,NULL,30
393,393,2,1,7,NULL,NULL,30
394,394,2,1,7,NULL,NULL,30
395,395,2,1,7,NULL,NULL,30
396,396,2,1,7,NULL,NULL,30
397,397,2,1,7,NULL,NULL,31
398,398,2,1,7,NULL,NULL,31
399,399,2,1,7,NULL,NULL,31
400,400,2,1,7,NULL,NULL,32
401,401,2,1,7,NULL,NULL,33
402,402,2,1,7,NULL,NULL,33
403,403,2,1,7,NULL,NULL,30
404,404,2,1,7,NULL,NULL,30
405,405,2,1,7,NULL,NULL,30
406,406,2,1,7,NULL,NULL,34
407,407,2,1,7,NULL,NULL,35
408,408,2,1,7,NULL,NULL,34
409,409,2,1,7,NULL,NULL,36
410,410,2,1,7,NULL,NULL,30
411,411,2,1,7,NULL,NULL,30
412,412,2,1,7,NULL,NULL,37
413,413,2,1,7,NULL,NULL,30
414,414,2,1,7,NULL,NULL,35
415,415,2,1,7,NULL,NULL,35
416,416,2,1,7,NULL,NULL,30
417,417,2,1,7,NULL,NULL,38
418,418,2,1,7,NULL,NULL,38
419,419,2,1,7,NULL,NULL,39
420,420,2,1,7,NULL,NULL,39
421,421,2,1,7,NULL,NULL,39
422,422,2,1,7,NULL,NULL,39
423,423,2,1,7,NULL,NULL,30
424,424,2,1,7,NULL,NULL,38
425,425,2,1,7,NULL,NULL,38
426,426,2,1,7,NULL,NULL,40
427,427,2,1,7,NULL,NULL,41
428,428,2,1,7,NULL,NULL,41
429,429,2,1,7,NULL,NULL,41
430,430,2,1,7,NULL,NULL,41
431,431,2,1,7,NULL,NULL,38
432,432,2,1,7,NULL,NULL,32
433,433,2,1,7,NULL,NULL,33
434,434,2,1,7,NULL,NULL,38
435,435,2,1,7,NULL,NULL,38
436,436,2,1,7,NULL,NULL,38
437,437,2,1,7,NULL,NULL,38
438,438,2,1,7,NULL,NULL,38
439,439,2,1,7,NULL,NULL,38
440,440,2,1,7,NULL,NULL,38
441,441,2,1,7,NULL,NULL,38
442,442,2,1,7,NULL,NULL,38
443,443,2,1,7,NULL,NULL,38
444,444,2,1,7,NULL,NULL,38
445,445,2,1,7,NULL,NULL,38
446,446,2,1,7,NULL,NULL,38
447,447,2,1,7,NULL,NULL,38
448,448,2,1,7,NULL,NULL,38
449,449,2,1,7,NULL,NULL,42
450,450,2,1,7,NULL,NULL,43
451,451,2,1,7,NULL,NULL,38
452,452,2,1,7,NULL,NULL,38
453,453,2,1,7,NULL,NULL,38
454,454,2,1,7,NULL,NULL,40
455,455,2,1,7,NULL,NULL,39
456,456,2,1,7,NULL,NULL,32
457,457,2,1,7,NULL,NULL,44
458,458,2,1,7,NULL,NULL,38
459,459,2,1,7,NULL,NULL,38
460,460,2,1,7,NULL,NULL,38
461,461,2,1,7,NULL,NULL,45
462,462,2,1,7,NULL,NULL,45
463,463,2,1,7,NULL,NULL,45
464,464,2,1,7,NULL,NULL,45
465,465,2,1,7,NULL,NULL,38
466,466,2,1,7,NULL,NULL,38
467,467,2,1,7,NULL,NULL,38
468,468,2,1,7,NULL,NULL,39
469,469,2,1,7,NULL,NULL,38
470,470,2,1,7,NULL,NULL,32
471,471,2,1,7,NULL,NULL,32
472,472,2,1,7,NULL,NULL,31
473,473,2,1,7,NULL,NULL,1
474,474,2,1,7,NULL,NULL,46
475,475,2,1,7,NULL,NULL,38
476,476,2,1,7,NULL,NULL,32
477,477,2,1,7,NULL,NULL,47
478,478,2,1,7,NULL,NULL,38
479,479,2,1,7,NULL,NULL,38
480,480,2,1,7,NULL,NULL,38
481,481,2,1,7,NULL,NULL,38
482,482,2,1,7,NULL,NULL,38
483,483,2,1,7,NULL,NULL,38
484,484,2,1,7,NULL,NULL,43
485,485,2,1,7,NULL,NULL,30
486,486,2,1,7,NULL,NULL,1
487,487,2,1,7,NULL,NULL,48
488,488,2,1,7,NULL,NULL,48
489,489,2,1,7,NULL,NULL,48
490,490,2,1,7,NULL,NULL,47
491,491,2,1,8,NULL,NULL,1
492,492,2,1,8,NULL,NULL,38
493,493,2,1,8,NULL,NULL,38
494,494,2,1,8,NULL,NULL,49
495,495,2,1,8,NULL,NULL,38
496,496,2,1,8,NULL,NULL,38
497,497,2,1,8,NULL,NULL,38
498,498,2,1,8,NULL,NULL,38
499,499,2,1,8,NULL,NULL,38
500,500,2,1,8,NULL,NULL,38
501,501,2,1,8,NULL,NULL,38
502,502,2,1,8,NULL,NULL,38
503,503,2,1,8,NULL,NULL,38
504,504,2,1,8,NULL,NULL,38
505,505,2,1,8,NULL,NULL,38
506,506,2,1,8,NULL,NULL,38
507,507,2,1,8,NULL,NULL,38
508,508,2,1,8,NULL,NULL,38
509,509,2,1,8,NULL,NULL,38
510,510,2,1,8,NULL,NULL,38
511,511,2,1,8,NULL,NULL,50
512,512,2,1,8,NULL,NULL,38
513,513,2,1,8,NULL,NULL,38
514,514,2,1,8,NULL,NULL,38
515,515,2,1,8,NULL,NULL,38
516,516,2,1,8,NULL,NULL,38
517,517,2,1,8,NULL,NULL,38
518,518,2,1,8,NULL,NULL,38
519,519,2,1,8,NULL,NULL,38
520,520,2,1,8,NULL,NULL,38
521,521,2,1,8,NULL,NULL,38
522,522,2,1,8,NULL,NULL,38
523,523,2,1,8,NULL,NULL,38
524,524,2,1,8,NULL,NULL,38
525,525,2,1,8,NULL,NULL,38
526,526,2,1,8,NULL,NULL,38
527,527,2,1,8,NULL,NULL,49
528,528,2,1,8,NULL,NULL,49
529,529,2,1,8,NULL,NULL,49
530,530,2,1,8,NULL,NULL,49
531,531,2,1,8,NULL,NULL,49
532,532,2,1,8,NULL,NULL,49
533,533,2,1,8,NULL,NULL,40
534,534,2,1,8,NULL,NULL,38
535,535,2,1,8,NULL,NULL,38
536,536,2,1,8,NULL,NULL,38
537,537,2,1,8,NULL,NULL,32
538,538,2,1,8,NULL,NULL,32
539,539,2,1,8,NULL,NULL,51
540,540,2,1,8,NULL,NULL,51
541,541,2,1,8,NULL,NULL,51
542,542,2,1,8,NULL,NULL,51
543,543,2,1,8,NULL,NULL,51
544,544,2,1,8,NULL,NULL,51
545,545,2,1,8,NULL,NULL,49
546,546,2,1,8,NULL,NULL,49
547,547,2,1,8,NULL,NULL,49
548,548,2,1,8,NULL,NULL,49
549,549,2,1,8,NULL,NULL,49
550,550,2,1,8,NULL,NULL,49
551,551,2,1,8,NULL,NULL,49
552,552,2,1,8,NULL,NULL,49
553,553,2,1,8,NULL,NULL,1
554,554,2,1,8,NULL,NULL,38
555,555,2,1,8,NULL,NULL,38
556,556,2,1,8,NULL,NULL,38
557,557,2,1,8,NULL,NULL,38
558,558,2,1,8,NULL,NULL,49
559,559,2,1,8,NULL,NULL,49
560,560,2,1,8,NULL,NULL,32
561,561,2,1,8,NULL,NULL,32
562,562,2,1,8,NULL,NULL,39
563,563,2,1,8,NULL,NULL,39
564,564,2,1,8,NULL,NULL,39
565,565,2,1,8,NULL,NULL,39
566,566,2,1,8,NULL,NULL,38
567,567,2,1,8,NULL,NULL,33
568,568,2,1,8,NULL,NULL,39
569,569,2,1,8,NULL,NULL,39
570,570,2,1,8,NULL,NULL,39
571,571,2,1,8,NULL,NULL,39
572,572,2,1,8,NULL,NULL,38
573,573,2,1,8,NULL,NULL,38
574,574,2,1,8,NULL,NULL,38
575,575,2,1,8,NULL,NULL,38
576,576,2,1,8,NULL,NULL,38
577,577,2,1,8,NULL,NULL,38
578,578,2,1,8,NULL,NULL,38
579,579,2,1,8,NULL,NULL,38
580,580,2,1,8,NULL,NULL,49
581,581,2,1,8,NULL,NULL,49
582,582,2,1,8,NULL,NULL,49
583,583,2,1,8,NULL,NULL,49
584,584,2,1,8,NULL,NULL,32
585,585,2,1,8,NULL,NULL,32
586,586,2,1,8,NULL,NULL,32
587,587,2,1,8,NULL,NULL,32
588,588,2,1,8,NULL,NULL,49
589,589,2,1,8,NULL,NULL,49
590,590,2,1,8,NULL,NULL,49
591,591,2,1,8,NULL,NULL,49
592,592,2,1,8,NULL,NULL,49
593,593,2,1,8,NULL,NULL,49
594,594,2,1,8,NULL,NULL,49
595,595,2,1,8,NULL,NULL,49
596,596,2,1,8,NULL,NULL,49
597,597,2,1,8,NULL,NULL,49
598,598,2,1,8,NULL,NULL,49
599,599,2,1,8,NULL,NULL,49
600,600,2,1,8,NULL,NULL,49
601,601,2,1,8,NULL,NULL,49
602,602,2,1,8,NULL,NULL,49
603,603,2,1,8,NULL,NULL,49
604,604,2,1,8,NULL,NULL,49
605,605,2,1,8,NULL,NULL,49
606,606,2,1,8,NULL,NULL,49
607,607,2,1,8,NULL,NULL,49
608,608,2,1,8,NULL,NULL,49
609,609,2,1,8,NULL,NULL,49
610,610,2,1,8,NULL,NULL,49
611,611,2,1,8,NULL,NULL,49
612,612,2,1,8,NULL,NULL,49
613,613,2,1,8,NULL,NULL,49
614,614,2,1,8,NULL,NULL,49
615,615,2,1,8,NULL,NULL,49
616,616,2,1,8,NULL,NULL,1
617,617,2,1,8,NULL,NULL,38
618,618,2,1,8,NULL,NULL,38
619,619,2,1,8,NULL,NULL,38
620,620,2,1,8,NULL,NULL,38
621,621,2,1,8,NULL,NULL,49
622,622,2,1,8,NULL,NULL,49
623,623,2,1,8,NULL,NULL,49
624,624,2,1,8,NULL,NULL,49
625,625,2,1,8,NULL,NULL,49
626,626,2,1,8,NULL,NULL,49
627,627,2,1,8,NULL,NULL,49
628,628,2,1,8,NULL,NULL,49
629,629,2,1,8,NULL,NULL,49
630,630,2,1,8,NULL,NULL,38
631,631,2,1,8,NULL,NULL,38
632,632,2,1,8,NULL,NULL,38
633,633,2,1,8,NULL,NULL,38
634,634,2,1,8,NULL,NULL,38
635,635,2,1,8,NULL,NULL,38
636,636,2,1,8,NULL,NULL,52
637,637,2,1,8,NULL,NULL,38
638,638,2,1,8,NULL,NULL,38
639,639,2,1,9,NULL,NULL,44
640,640,2,1,9,NULL,NULL,43
641,641,2,1,9,NULL,NULL,44
642,642,2,1,9,NULL,NULL,40
643,643,2,1,9,NULL,NULL,40
644,644,2,1,9,NULL,NULL,44
645,645,2,1,9,NULL,NULL,43
646,646,2,1,9,NULL,NULL,40
647,647,2,1,9,NULL,NULL,40
648,648,2,1,9,NULL,NULL,40
649,649,2,1,9,NULL,NULL,44
650,650,2,1,9,NULL,NULL,44
651,651,2,1,9,NULL,NULL,44
652,652,2,1,9,NULL,NULL,40
653,653,2,1,9,NULL,NULL,40
654,654,2,1,9,NULL,NULL,40
655,655,2,1,9,NULL,NULL,40
656,656,2,1,9,NULL,NULL,40
657,657,2,1,9,NULL,NULL,40
658,658,2,1,9,NULL,NULL,40
659,659,2,1,9,NULL,NULL,40
660,660,2,1,9,NULL,NULL,40
661,661,2,1,9,NULL,NULL,53
662,662,2,1,9,NULL,NULL,40
663,663,2,1,9,NULL,NULL,40
664,664,2,1,9,NULL,NULL,40
665,665,2,1,9,NULL,NULL,40
666,666,2,1,9,NULL,NULL,40
667,667,2,1,9,NULL,NULL,40
668,668,2,1,9,NULL,NULL,40
669,669,2,1,9,NULL,NULL,40
670,670,2,1,9,NULL,NULL,40
671,671,2,1,9,NULL,NULL,40
672,672,2,1,9,NULL,NULL,40
673,673,2,1,9,NULL,NULL,40
674,674,2,1,9,NULL,NULL,53
675,675,2,1,9,NULL,NULL,40
676,676,2,1,9,NULL,NULL,40
677,677,2,1,9,NULL,NULL,40
678,678,2,1,9,NULL,NULL,40
679,679,2,1,9,NULL,NULL,53
680,680,2,1,9,NULL,NULL,40
681,681,2,1,9,NULL,NULL,40
682,682,2,1,9,NULL,NULL,40
683,683,2,1,9,NULL,NULL,40
684,684,2,1,9,NULL,NULL,40
685,685,2,1,9,NULL,NULL,40
686,686,2,1,9,NULL,NULL,40
687,687,2,1,9,NULL,NULL,43
688,688,2,1,9,NULL,NULL,43
689,689,2,1,9,NULL,NULL,38
690,690,2,1,9,NULL,NULL,38
691,691,2,1,9,NULL,NULL,38
692,692,2,1,9,NULL,NULL,40
693,693,2,1,9,NULL,NULL,40
694,694,2,1,9,NULL,NULL,40
695,695,2,1,9,NULL,NULL,40
696,696,2,1,9,NULL,NULL,40
697,697,2,1,9,NULL,NULL,40
698,698,2,1,9,NULL,NULL,43
699,699,2,1,9,NULL,NULL,43
700,700,2,1,9,NULL,NULL,38
701,701,2,1,9,NULL,NULL,38
702,702,2,1,9,NULL,NULL,38
703,703,2,1,9,NULL,NULL,40
704,704,2,1,9,NULL,NULL,40
705,705,2,1,9,NULL,NULL,40
706,706,2,1,9,NULL,NULL,40
707,707,2,1,9,NULL,NULL,40
708,708,2,1,9,NULL,NULL,40
709,709,2,1,9,NULL,NULL,40
710,710,2,1,9,NULL,NULL,40
711,711,2,1,9,NULL,NULL,38
712,712,2,1,9,NULL,NULL,40
713,713,2,1,9,NULL,NULL,40
714,714,2,1,9,NULL,NULL,40
715,715,2,1,9,NULL,NULL,40
716,716,2,1,9,NULL,NULL,40
717,717,2,1,9,NULL,NULL,40
718,718,2,1,9,NULL,NULL,40
719,719,2,1,9,NULL,NULL,40
720,720,2,1,9,NULL,NULL,40
721,721,2,1,9,NULL,NULL,40
722,722,2,1,9,NULL,NULL,40
723,723,2,1,9,NULL,NULL,40
724,724,2,1,9,NULL,NULL,40
725,725,2,1,9,NULL,NULL,40
726,726,2,1,9,NULL,NULL,43
727,727,2,1,9,NULL,NULL,31
728,728,2,1,9,NULL,NULL,40
729,729,2,1,9,NULL,NULL,40
730,730,2,1,9,NULL,NULL,38
731,731,2,1,9,NULL,NULL,38
732,732,2,1,9,NULL,NULL,38
733,733,2,1,9,NULL,NULL,38
734,734,2,1,9,NULL,NULL,38
735,735,2,1,9,NULL,NULL,38
736,736,2,1,9,NULL,NULL,38
737,737,2,1,9,NULL,NULL,38
738,738,2,1,9,NULL,NULL,38
739,739,2,1,9,NULL,NULL,38
740,740,2,1,9,NULL,NULL,38
741,741,2,1,9,NULL,NULL,38
742,742,2,1,9,NULL,NULL,38
743,743,2,1,9,NULL,NULL,38
744,744,2,1,9,NULL,NULL,38
745,745,2,1,9,NULL,NULL,38
746,746,2,1,9,NULL,NULL,38
747,747,2,1,9,NULL,NULL,38
748,748,2,1,9,NULL,NULL,38
749,749,2,1,9,NULL,NULL,38
750,750,2,1,9,NULL,NULL,38
751,751,2,1,9,NULL,NULL,38
752,752,2,1,9,NULL,NULL,38
753,753,2,1,9,NULL,NULL,42
754,754,2,1,10,NULL,NULL,54
755,755,2,1,10,NULL,NULL,55
756,756,2,1,10,NULL,NULL,56
757,757,2,1,10,NULL,NULL,31
758,758,2,1,10,NULL,NULL,45
759,759,2,1,10,NULL,NULL,45
760,760,2,1,10,NULL,NULL,45
761,761,2,1,10,NULL,NULL,56
762,762,2,1,10,NULL,NULL,57
763,763,2,1,10,NULL,NULL,57
764,764,2,1,10,NULL,NULL,57
765,765,2,1,10,NULL,NULL,57
766,766,2,1,10,NULL,NULL,57
767,767,2,1,10,NULL,NULL,57
768,768,2,1,10,NULL,NULL,57
769,769,2,1,10,NULL,NULL,57
770,770,2,1,10,NULL,NULL,57
771,771,2,1,10,NULL,NULL,57
772,772,2,1,10,NULL,NULL,57
773,773,2,1,10,NULL,NULL,57
774,774,2,1,10,NULL,NULL,57
775,775,2,1,10,NULL,NULL,57
776,776,2,1,10,NULL,NULL,57
777,777,2,1,10,NULL,NULL,57
778,778,2,1,10,NULL,NULL,57
779,779,2,1,10,NULL,NULL,57
780,780,2,1,10,NULL,NULL,54
781,781,2,1,10,NULL,NULL,54
782,782,2,1,10,NULL,NULL,54
783,783,2,1,10,NULL,NULL,54
784,784,2,1,10,NULL,NULL,54
785,785,2,1,10,NULL,NULL,54
786,786,2,1,10,NULL,NULL,54
787,787,2,1,10,NULL,NULL,54
788,788,2,1,10,NULL,NULL,54
789,789,2,1,10,NULL,NULL,54
790,790,2,1,10,NULL,NULL,54
791,791,2,1,10,NULL,NULL,54
792,792,2,1,10,NULL,NULL,54
793,793,2,1,10,NULL,NULL,54
794,794,2,1,10,NULL,NULL,54
795,795,2,1,10,NULL,NULL,54
796,796,2,1,10,NULL,NULL,54
797,797,2,1,10,NULL,NULL,54
798,798,2,1,10,NULL,NULL,54
799,799,2,1,10,NULL,NULL,54
800,800,2,1,10,NULL,NULL,54
801,801,2,1,10,NULL,NULL,54
802,802,2,1,10,NULL,NULL,54
803,803,2,1,10,NULL,NULL,54
804,804,2,1,10,NULL,NULL,54
805,805,2,1,10,NULL,NULL,54
806,806,2,1,10,NULL,NULL,54
807,807,2,1,10,NULL,NULL,54
808,808,2,1,10,NULL,NULL,54
809,809,2,1,10,NULL,NULL,54
810,810,2,1,10,NULL,NULL,54
811,811,2,1,10,NULL,NULL,54
812,812,2,1,10,NULL,NULL,54
813,813,2,1,10,NULL,NULL,54
814,814,2,1,10,NULL,NULL,54
815,815,2,1,10,NULL,NULL,54
816,816,2,1,10,NULL,NULL,54
817,817,2,1,10,NULL,NULL,54
818,818,2,1,10,NULL,NULL,54
819,819,2,1,10,NULL,NULL,54
820,820,2,1,10,NULL,NULL,54
821,821,2,1,10,NULL,NULL,54
822,822,2,1,10,NULL,NULL,54
823,823,2,1,10,NULL,NULL,54
824,824,2,1,10,NULL,NULL,54
825,825,2,1,10,NULL,NULL,56
826,826,2,1,10,NULL,NULL,54
827,827,2,1,10,NULL,NULL,54
828,828,2,1,10,NULL,NULL,54
829,829,2,1,10,NULL,NULL,54
830,830,2,1,10,NULL,NULL,54
831,831,2,1,10,NULL,NULL,54
832,832,2,1,10,NULL,NULL,54
833,833,2,1,10,NULL,NULL,57
834,834,2,1,10,NULL,NULL,57
835,835,2,1,10,NULL,NULL,57
836,836,2,1,10,NULL,NULL,57
837,837,2,1,10,NULL,NULL,57
838,838,2,1,10,NULL,NULL,57
839,839,2,1,10,NULL,NULL,57
840,840,2,1,10,NULL,NULL,57
841,841,2,1,10,NULL,NULL,54
842,842,2,1,10,NULL,NULL,57
843,843,2,1,10,NULL,NULL,57
844,844,2,1,10,NULL,NULL,57
845,845,2,1,10,NULL,NULL,57
846,846,2,1,10,NULL,NULL,57
847,847,2,1,10,NULL,NULL,57
848,848,2,1,10,NULL,NULL,57
849,849,2,1,10,NULL,NULL,57
850,850,2,1,10,NULL,NULL,57
851,851,2,1,10,NULL,NULL,57
852,852,2,1,10,NULL,NULL,54
853,853,2,1,10,NULL,NULL,54
854,854,2,1,10,NULL,NULL,54
855,855,2,1,10,NULL,NULL,54
856,856,2,1,10,NULL,NULL,54
857,857,2,1,10,NULL,NULL,54
858,858,2,1,10,NULL,NULL,54
859,859,2,1,10,NULL,NULL,54
860,860,2,1,10,NULL,NULL,54
861,861,2,1,10,NULL,NULL,54
862,862,2,1,10,NULL,NULL,54
863,863,2,1,10,NULL,NULL,54
864,864,2,1,10,NULL,NULL,54
865,865,2,1,10,NULL,NULL,54
866,866,2,1,10,NULL,NULL,54
867,867,2,1,10,NULL,NULL,54
868,868,2,1,10,NULL,NULL,54
869,869,2,1,10,NULL,NULL,54
870,870,2,1,10,NULL,NULL,54
871,871,2,1,10,NULL,NULL,54
872,872,2,1,10,NULL,NULL,54
873,873,2,1,10,NULL,NULL,54
874,874,2,1,10,NULL,NULL,54
875,875,2,1,10,NULL,NULL,54
876,876,2,1,10,NULL,NULL,54
877,877,2,1,10,NULL,NULL,54
878,878,2,1,10,NULL,NULL,54
879,879,2,1,10,NULL,NULL,54
880,880,2,1,10,NULL,NULL,54
881,881,2,1,10,NULL,NULL,54
882,882,2,1,10,NULL,NULL,54
883,883,2,1,10,NULL,NULL,54
884,884,2,1,10,NULL,NULL,54
885,885,2,1,10,NULL,NULL,54
886,886,2,1,10,NULL,NULL,54
887,887,2,1,10,NULL,NULL,54
888,888,2,1,10,NULL,NULL,54
889,889,2,1,10,NULL,NULL,54
890,890,2,1,10,NULL,NULL,54
891,891,2,1,10,NULL,NULL,54
892,892,2,1,10,NULL,NULL,54
893,893,2,1,10,NULL,NULL,54
894,894,2,1,10,NULL,NULL,54
895,895,2,1,10,NULL,NULL,54
896,896,2,1,10,NULL,NULL,54
897,897,2,1,10,NULL,NULL,56
898,898,2,1,10,NULL,NULL,54
899,899,2,1,10,NULL,NULL,54
900,900,2,1,10,NULL,NULL,54
901,901,2,1,10,NULL,NULL,54
902,902,2,1,10,NULL,NULL,54
903,903,2,1,10,NULL,NULL,54
904,904,2,1,10,NULL,NULL,54
905,905,2,1,10,NULL,NULL,57
906,906,2,1,10,NULL,NULL,56
907,907,2,1,10,NULL,NULL,56
908,908,2,1,10,NULL,NULL,55
909,909,2,1,10,NULL,NULL,55
910,910,2,1,10,NULL,NULL,55
911,911,2,1,10,NULL,NULL,55
912,912,2,1,10,NULL,NULL,55
913,913,2,1,10,NULL,NULL,55
914,914,2,1,10,NULL,NULL,55
915,915,2,1,10,NULL,NULL,55
916,916,2,1,10,NULL,NULL,55
917,917,2,1,10,NULL,NULL,55
918,918,2,1,10,NULL,NULL,55
919,919,2,1,10,NULL,NULL,55
920,920,2,1,10,NULL,NULL,55
921,921,2,1,10,NULL,NULL,55
922,922,2,1,10,NULL,NULL,55
923,923,2,1,10,NULL,NULL,55
924,924,2,1,10,NULL,NULL,55
925,925,2,1,10,NULL,NULL,55
926,926,2,1,10,NULL,NULL,55
927,927,2,1,10,NULL,NULL,55
928,928,2,1,10,NULL,NULL,55
929,929,2,1,10,NULL,NULL,55
930,930,2,1,10,NULL,NULL,55
931,931,2,1,10,NULL,NULL,55
932,932,2,1,10,NULL,NULL,55
933,933,2,1,10,NULL,NULL,55
934,934,2,1,10,NULL,NULL,55
935,935,2,1,10,NULL,NULL,55
936,936,2,1,10,NULL,NULL,55
937,937,2,1,10,NULL,NULL,55
938,938,2,1,10,NULL,NULL,55
939,939,2,1,10,NULL,NULL,55
940,940,2,1,10,NULL,NULL,58
941,941,2,1,10,NULL,NULL,55
942,942,2,1,10,NULL,NULL,55
943,943,2,1,10,NULL,NULL,55
944,944,2,1,10,NULL,NULL,55
945,945,2,1,10,NULL,NULL,55
946,946,2,1,10,NULL,NULL,49
947,947,2,1,10,NULL,NULL,55
948,948,2,1,10,NULL,NULL,55
949,949,2,1,10,NULL,NULL,55
950,950,2,1,10,NULL,NULL,55
951,951,2,1,10,NULL,NULL,58
952,952,2,1,10,NULL,NULL,58
953,953,2,1,10,NULL,NULL,59
954,954,2,1,10,NULL,NULL,59
955,955,2,1,10,NULL,NULL,59
956,956,2,1,10,NULL,NULL,59
957,957,2,1,10,NULL,NULL,59
958,958,2,1,10,NULL,NULL,58
959,959,2,1,10,NULL,NULL,58
960,960,2,1,10,NULL,NULL,58
961,961,2,1,10,NULL,NULL,58
962,962,2,1,10,NULL,NULL,58
963,963,2,1,10,NULL,NULL,58
964,964,2,1,10,NULL,NULL,58
965,965,2,1,10,NULL,NULL,55
966,966,2,1,10,NULL,NULL,55
967,967,2,1,10,NULL,NULL,55
968,968,2,1,10,NULL,NULL,55
969,969,2,1,10,NULL,NULL,60
970,970,2,1,10,NULL,NULL,60
971,971,2,1,10,NULL,NULL,60
972,972,2,1,10,NULL,NULL,60
973,973,2,1,10,NULL,NULL,60
974,974,2,1,10,NULL,NULL,60
975,975,2,1,10,NULL,NULL,60
976,976,2,1,10,NULL,NULL,60
977,977,2,1,10,NULL,NULL,60
978,978,2,1,10,NULL,NULL,60
979,979,2,1,10,NULL,NULL,60
980,980,2,1,10,NULL,NULL,60
981,981,2,1,10,NULL,NULL,60
982,982,2,1,10,NULL,NULL,60
983,983,2,1,10,NULL,NULL,60
984,984,2,1,10,NULL,NULL,60
985,985,2,1,10,NULL,NULL,60
986,986,2,1,10,NULL,NULL,60
987,987,2,1,10,NULL,NULL,60
988,988,2,1,10,NULL,NULL,60
989,989,2,1,10,NULL,NULL,60
990,990,2,1,10,NULL,NULL,60
991,991,2,1,10,NULL,NULL,60
992,992,2,1,10,NULL,NULL,60
993,993,2,1,10,NULL,NULL,60
994,994,2,1,10,NULL,NULL,60
995,995,2,1,10,NULL,NULL,60
996,996,2,1,10,NULL,NULL,60
997,997,2,1,10,NULL,NULL,60
998,998,2,1,10,NULL,NULL,60
999,999,2,1,10,NULL,NULL,60
1000,1000,2,1,10,NULL,NULL,60
1001,1001,2,1,10,NULL,NULL,60
1002,1002,2,1,10,NULL,NULL,60
1003,1003,2,1,10,NULL,NULL,60
1004,1004,2,1,10,NULL,NULL,60
1005,1005,2,1,10,NULL,NULL,60
1006,1006,2,1,10,NULL,NULL,60
1007,1007,2,1,10,NULL,NULL,60
1008,1008,2,1,10,NULL,NULL,60
1009,1009,2,1,10,NULL,NULL,60
1010,1010,2,1,10,NULL,NULL,60
1011,1011,2,1,10,NULL,NULL,60
1012,1012,2,1,10,NULL,NULL,60
1013,1013,2,1,10,NULL,NULL,60
1014,1014,2,1,10,NULL,NULL,60
1015,1015,2,1,10,NULL,NULL,60
1016,1016,2,1,10,NULL,NULL,60
1017,1017,2,1,10,NULL,NULL,60
1018,1018,2,1,10,NULL,NULL,60
1019,1019,2,1,10,NULL,NULL,60
1020,1020,2,1,10,NULL,NULL,60
1021,1021,2,1,10,NULL,NULL,60
1022,1022,2,1,10,NULL,NULL,60
1023,1023,2,1,10,NULL,NULL,60
1024,1024,2,1,10,NULL,NULL,60
1025,1025,2,1,10,NULL,NULL,60
1026,1026,2,1,10,NULL,NULL,60
1027,1027,2,1,10,NULL,NULL,60
1028,1028,2,1,10,NULL,NULL,60
1029,1029,2,1,10,NULL,NULL,60
1030,1030,2,1,10,NULL,NULL,60
1031,1031,2,1,10,NULL,NULL,60
1032,1032,2,1,10,NULL,NULL,59
1033,1033,2,1,10,NULL,NULL,59
1034,1034,2,1,10,NULL,NULL,58
1035,1035,2,1,10,NULL,NULL,58
1036,1036,2,1,10,NULL,NULL,57
1037,1037,2,1,10,NULL,NULL,57
1038,1038,2,1,10,NULL,NULL,54
1039,1039,2,1,10,NULL,NULL,54
1040,1040,2,1,10,NULL,NULL,54
1041,1041,2,1,10,NULL,NULL,54
1042,1042,2,1,10,NULL,NULL,56
1043,1043,2,1,10,NULL,NULL,55
1044,1044,2,1,10,NULL,NULL,55
1045,1045,2,1,10,NULL,NULL,55
1046,1046,2,1,10,NULL,NULL,55
1047,1047,2,1,10,NULL,NULL,55
1048,1048,2,1,10,NULL,NULL,55
1049,1049,2,1,10,NULL,NULL,55
1050,1050,2,1,10,NULL,NULL,55
1051,1051,2,1,10,NULL,NULL,55
1052,1052,2,1,10,NULL,NULL,55
1053,1053,2,1,10,NULL,NULL,55
1054,1054,2,1,10,NULL,NULL,55
1055,1055,2,1,10,NULL,NULL,55
1056,1056,2,1,10,NULL,NULL,55
1057,1057,2,1,10,NULL,NULL,38
1058,1058,2,1,10,NULL,NULL,38
1059,1059,2,1,10,NULL,NULL,58
1060,1060,2,1,10,NULL,NULL,58
1061,1061,2,1,10,NULL,NULL,58
1062,1062,2,1,10,NULL,NULL,58
1063,1063,2,1,10,NULL,NULL,58
1064,1064,2,1,10,NULL,NULL,58
1065,1065,2,1,10,NULL,NULL,59
1066,1066,2,1,10,NULL,NULL,55
1067,1067,2,1,10,NULL,NULL,58
1068,1068,2,1,10,NULL,NULL,55
1069,1069,2,1,10,NULL,NULL,55
1070,1070,2,1,10,NULL,NULL,55
1071,1071,2,1,10,NULL,NULL,54
1072,1072,2,1,10,NULL,NULL,54
1073,1073,2,1,10,NULL,NULL,55
1074,1074,2,1,10,NULL,NULL,55
1075,1075,2,1,10,NULL,NULL,61
1076,1076,2,1,10,NULL,NULL,61
1077,1077,2,1,10,NULL,NULL,61
1078,1078,2,1,10,NULL,NULL,61
1079,1079,2,1,10,NULL,NULL,61
1080,1080,2,1,10,NULL,NULL,61
1081,1081,2,1,10,NULL,NULL,61
1082,1082,2,1,10,NULL,NULL,61
1083,1083,2,1,10,NULL,NULL,61
1084,1084,2,1,10,NULL,NULL,61
1085,1085,2,1,10,NULL,NULL,62
1086,1086,2,1,10,NULL,NULL,62
1087,1087,2,1,10,NULL,NULL,62
1088,1088,2,1,10,NULL,NULL,62
1089,1089,2,1,10,NULL,NULL,62
1090,1090,2,1,10,NULL,NULL,62
1091,1091,2,1,10,NULL,NULL,62
1092,1092,2,1,10,NULL,NULL,62
1093,1093,2,1,10,NULL,NULL,1
1094,1094,2,1,10,NULL,NULL,58
1095,1095,2,1,10,NULL,NULL,58
1096,1096,2,1,10,NULL,NULL,55
1097,1097,2,1,10,NULL,NULL,58
1098,1098,2,1,10,NULL,NULL,58
1099,1099,2,1,10,NULL,NULL,55
1100,1100,2,1,10,NULL,NULL,55
1101,1101,2,1,10,NULL,NULL,55
1102,1102,2,1,10,NULL,NULL,38
1103,1103,2,1,10,NULL,NULL,38
1104,1104,2,1,10,NULL,NULL,56
1105,1105,2,1,10,NULL,NULL,54
1106,1106,2,1,10,NULL,NULL,1
1107,1107,2,1,10,NULL,NULL,55
1108,1108,2,1,10,NULL,NULL,55
1109,1109,2,1,10,NULL,NULL,1
1110,1110,2,1,10,NULL,NULL,1
1111,1111,2,1,10,NULL,NULL,55
1112,1112,2,1,10,NULL,NULL,1
1113,1113,2,1,10,NULL,NULL,1
1114,1114,2,1,10,NULL,NULL,1
1115,1115,2,1,10,NULL,NULL,55
1116,1116,2,1,10,NULL,NULL,54
1117,1117,2,1,10,NULL,NULL,58
1118,1118,2,1,10,NULL,NULL,58
1119,1119,2,1,10,NULL,NULL,58
1120,1120,2,1,10,NULL,NULL,58
1121,1121,2,1,10,NULL,NULL,60
1122,1122,2,1,10,NULL,NULL,60
1123,1123,2,1,10,NULL,NULL,60
1124,1124,2,1,10,NULL,NULL,60
1125,1125,2,1,10,NULL,NULL,60
1126,1126,2,1,10,NULL,NULL,60
1127,1127,2,1,10,NULL,NULL,60
1128,1128,2,1,10,NULL,NULL,60
1129,1129,2,1,10,NULL,NULL,58
1130,1130,2,1,10,NULL,NULL,58
1131,1131,2,1,10,NULL,NULL,58
1132,1132,2,1,10,NULL,NULL,58
1133,1133,2,1,10,NULL,NULL,58
1134,1134,2,1,10,NULL,NULL,58
1135,1135,2,1,10,NULL,NULL,58
1136,1136,2,1,10,NULL,NULL,58
1137,1137,2,1,10,NULL,NULL,58
1138,1138,2,1,10,NULL,NULL,58
1139,1139,2,1,10,NULL,NULL,58
1140,1140,2,1,10,NULL,NULL,58
1141,1141,2,1,10,NULL,NULL,47
1142,1142,2,1,10,NULL,NULL,47
1143,1143,2,1,10,NULL,NULL,1
1144,1144,2,1,10,NULL,NULL,1
1145,1145,2,1,10,NULL,NULL,1
1146,1146,2,1,10,NULL,NULL,1
1147,1147,2,1,10,NULL,NULL,1
1148,1148,2,1,10,NULL,NULL,1
1149,1149,2,1,10,NULL,NULL,38
1150,1150,2,1,10,NULL,NULL,38
1151,1151,2,1,10,NULL,NULL,38
1152,1152,2,1,10,NULL,NULL,55
1153,1153,2,1,10,NULL,NULL,55
1154,1154,2,1,10,NULL,NULL,55
1155,1155,2,1,10,NULL,NULL,54
1156,1156,2,1,10,NULL,NULL,55
1157,1157,2,1,10,NULL,NULL,55
1158,1158,2,1,10,NULL,NULL,55
1159,1159,2,1,10,NULL,NULL,55
1160,1160,2,1,10,NULL,NULL,55
1161,1161,2,1,10,NULL,NULL,54
1162,1162,2,1,10,NULL,NULL,1
1163,1163,2,1,10,NULL,NULL,1
1164,1164,2,1,10,NULL,NULL,1
1165,1165,2,1,10,NULL,NULL,1
1166,1166,2,1,10,NULL,NULL,1
1167,1167,2,1,10,NULL,NULL,38
1168,1168,2,1,10,NULL,NULL,1
1169,1169,2,1,10,NULL,NULL,1
1170,1170,2,1,10,NULL,NULL,1
1171,1171,2,1,10,NULL,NULL,1
1172,1172,2,1,10,NULL,NULL,1
1173,1173,2,1,10,NULL,NULL,54
1174,1174,2,1,10,NULL,NULL,1
1175,1175,2,1,10,NULL,NULL,55
1176,1176,2,1,10,NULL,NULL,58
1177,1177,2,1,10,NULL,NULL,38
1178,1178,2,1,10,NULL,NULL,38
1179,1179,2,1,10,NULL,NULL,54
1180,1180,2,1,10,NULL,NULL,55
1181,1181,2,1,10,NULL,NULL,58
1182,1182,2,1,10,NULL,NULL,63
1183,1183,2,1,10,NULL,NULL,55
1184,1184,2,1,10,NULL,NULL,60
1185,1185,2,1,10,NULL,NULL,60
1186,1186,2,1,10,NULL,NULL,60
1187,1187,2,1,10,NULL,NULL,1
1188,1188,2,1,10,NULL,NULL,1
1189,1189,2,1,10,10,NULL,1
1190,1190,2,1,10,10,NULL,1
1191,1191,2,1,11,NULL,NULL,38
1192,1192,2,1,11,NULL,NULL,39
1193,1193,2,1,11,NULL,NULL,39
1194,1194,2,1,11,NULL,NULL,39
1195,1195,2,1,11,NULL,NULL,39
1196,1196,2,1,11,NULL,NULL,43
1197,1197,2,1,11,NULL,NULL,39
1198,1198,2,1,11,NULL,NULL,39
1199,1199,2,1,11,NULL,NULL,45
1200,1200,2,1,11,NULL,NULL,41
1201,1201,2,1,11,NULL,NULL,41
1202,1202,2,1,11,NULL,NULL,32
1203,1203,2,1,11,NULL,NULL,32
1204,1204,2,1,11,NULL,NULL,39
1205,1205,2,1,11,NULL,NULL,45
1206,1206,2,1,11,NULL,NULL,41
1207,1207,2,1,11,NULL,NULL,38
1208,1208,2,1,11,NULL,NULL,39
1209,1209,2,1,11,NULL,NULL,32
1210,1210,2,1,11,NULL,NULL,32
1211,1211,2,1,11,NULL,NULL,43
1212,1212,2,1,11,NULL,NULL,34
1213,1213,2,1,11,NULL,NULL,43
1214,1214,2,1,11,NULL,NULL,43
1215,1215,2,1,11,NULL,NULL,43
1216,1216,2,1,11,NULL,NULL,43
1217,1217,2,1,11,NULL,NULL,43
1218,1218,2,1,11,NULL,NULL,43
1219,1219,2,1,11,NULL,NULL,32
1220,1220,2,1,11,NULL,NULL,45
1221,1221,2,1,11,NULL,NULL,64
1222,1222,2,1,11,NULL,NULL,39
1223,1223,2,1,11,NULL,NULL,39
1224,1224,2,1,11,NULL,NULL,39
1225,1225,2,1,11,NULL,NULL,32
1226,1226,2,1,11,NULL,NULL,51
1227,1227,2,1,11,NULL,NULL,34
1228,1228,2,1,11,NULL,NULL,38
1229,1229,2,1,11,NULL,NULL,38
1230,1230,2,1,11,NULL,NULL,38
1231,1231,2,1,11,NULL,NULL,38
1232,1232,2,1,11,NULL,NULL,38
1233,1233,2,1,11,NULL,NULL,38
1234,1234,2,1,11,NULL,NULL,38
1235,1235,2,1,11,NULL,NULL,38
1236,1236,2,1,11,NULL,NULL,38
1237,1237,2,1,11,NULL,NULL,38
1238,1238,2,1,11,NULL,NULL,38
1239,1239,2,1,11,NULL,NULL,38
1240,1240,2,1,11,NULL,NULL,32
1241,1241,2,1,11,NULL,NULL,32
1242,1242,2,1,11,NULL,NULL,38
1243,1243,2,1,11,NULL,NULL,39
1244,1244,2,1,11,NULL,NULL,39
1245,1245,2,1,11,NULL,NULL,42
1246,1246,2,1,11,NULL,NULL,45
1247,1247,2,1,1,NULL,NULL,30
1248,1248,2,1,1,NULL,NULL,30
1249,1249,2,1,1,NULL,NULL,30
1250,1250,2,1,1,NULL,NULL,30
1251,1251,2,1,1,NULL,NULL,30
1252,1252,2,1,1,NULL,NULL,30
1253,1253,2,1,1,NULL,NULL,30
1254,1254,2,1,1,NULL,NULL,30
1255,1255,2,1,1,NULL,NULL,30
1256,1256,2,1,1,NULL,NULL,30
1257,1257,2,1,1,NULL,NULL,35
1258,1258,2,1,1,NULL,NULL,43
1259,1259,2,1,1,NULL,NULL,30
1260,1260,2,1,1,NULL,NULL,1
1261,1261,2,1,1,NULL,NULL,1
1262,1262,2,1,1,NULL,NULL,1
1263,1263,2,1,1,NULL,NULL,1
1264,1264,2,1,1,NULL,NULL,1
1265,1265,2,1,1,NULL,NULL,1
1266,1266,2,1,1,NULL,NULL,44
1267,1267,2,1,1,NULL,NULL,30
1268,1268,2,1,1,NULL,NULL,35
1269,1269,2,1,1,NULL,NULL,33
1270,1270,2,1,1,NULL,NULL,41
1271,1271,2,1,5,NULL,NULL,30
1272,1272,2,1,5,NULL,NULL,30
1273,1273,2,1,5,NULL,NULL,30
1274,1274,2,1,5,NULL,NULL,30
1275,1275,2,1,5,NULL,NULL,32
1276,1276,2,1,5,NULL,NULL,43
1277,1277,2,1,5,NULL,NULL,38
1278,1278,2,1,5,NULL,NULL,38
1279,1279,2,1,5,NULL,NULL,38
1280,1280,2,1,5,NULL,NULL,38
1281,1281,2,1,5,NULL,NULL,38
1282,1282,2,1,5,NULL,NULL,38
1283,1283,2,1,5,NULL,NULL,43
1284,1284,2,1,5,NULL,NULL,32
1285,1285,2,1,5,NULL,NULL,42
1286,1286,2,1,5,NULL,NULL,30
1287,1287,2,1,5,NULL,NULL,65
1288,1288,2,1,5,NULL,NULL,65
1289,1289,2,1,5,NULL,NULL,38
1290,1290,2,1,5,NULL,NULL,33
1291,1291,2,1,5,NULL,NULL,65
1292,1292,2,1,5,NULL,NULL,66
1293,1293,2,1,5,NULL,NULL,66
1294,1294,2,2,7,NULL,NULL,33
1295,1295,2,2,7,NULL,NULL,43
1296,1296,2,2,7,NULL,NULL,38
1297,1297,2,2,7,NULL,NULL,43
1298,1298,2,2,7,NULL,NULL,43
1299,1299,2,2,7,NULL,NULL,43
1300,1300,2,2,7,NULL,NULL,43
1301,1301,2,2,7,NULL,NULL,43
1302,1302,2,2,7,NULL,NULL,43
1303,1303,2,2,7,NULL,NULL,43
1304,1304,2,2,7,NULL,NULL,43
1305,1305,2,2,7,NULL,NULL,43
1306,1306,2,2,7,NULL,NULL,33
1307,1307,2,2,7,NULL,NULL,43
1308,1308,2,2,7,NULL,NULL,33
1309,1309,2,2,7,NULL,NULL,43
1310,1310,2,2,7,NULL,NULL,43
1311,1311,2,2,7,NULL,NULL,43
1312,1312,2,2,7,NULL,NULL,43
1313,1313,2,2,7,NULL,NULL,43
1314,1314,2,2,7,NULL,NULL,38
1315,1315,2,2,7,NULL,NULL,43
1316,1316,2,2,7,NULL,NULL,33
1317,1317,2,2,7,NULL,NULL,43
1318,1318,2,2,7,NULL,NULL,32
1319,1319,2,2,7,NULL,NULL,32
1320,1320,2,2,7,NULL,NULL,32
1321,1321,2,2,7,NULL,NULL,32
1322,1322,2,2,7,NULL,NULL,38
1323,1323,2,2,7,NULL,NULL,43
1324,1324,2,2,7,NULL,NULL,43
1325,1325,2,2,7,NULL,NULL,43
1326,1326,2,2,7,NULL,NULL,38
1327,1327,2,2,7,NULL,NULL,38
1328,1328,2,2,7,NULL,NULL,38
1329,1329,2,2,7,NULL,NULL,43
1330,1330,2,2,7,NULL,NULL,32
1331,1331,2,2,7,NULL,NULL,32
1332,1332,2,2,7,NULL,NULL,32
1333,1333,2,2,7,NULL,NULL,32
1334,1334,2,2,7,NULL,NULL,43
1335,1335,2,2,7,NULL,NULL,43
1336,1336,2,2,7,NULL,NULL,33
1337,1337,2,2,7,NULL,NULL,33
1338,1338,2,2,7,NULL,NULL,33
1339,1339,2,2,7,NULL,NULL,43
1340,1340,2,2,7,NULL,NULL,43
1341,1341,2,2,7,NULL,NULL,38
1342,1342,2,2,7,NULL,NULL,43
1343,1343,2,2,7,NULL,NULL,33
1344,1344,2,2,7,NULL,NULL,33
1345,1345,2,2,7,NULL,NULL,43
1346,1346,2,2,7,NULL,NULL,67
1347,1347,2,2,7,NULL,NULL,43
1348,1348,2,2,7,NULL,NULL,43
1349,1349,2,2,7,NULL,NULL,38
1350,1350,2,2,7,NULL,NULL,38
1351,1351,2,2,7,NULL,NULL,38
1352,1352,2,2,7,NULL,NULL,38
1353,1353,2,2,7,NULL,NULL,38
1354,1354,2,2,7,NULL,NULL,42
1355,1355,2,2,7,NULL,NULL,43
1356,1356,2,2,7,NULL,NULL,43
1357,1357,2,2,7,NULL,NULL,68
1358,1358,2,2,7,NULL,NULL,43
1359,1359,2,2,7,NULL,NULL,45
1360,1360,2,2,7,NULL,NULL,38
1361,1361,2,2,7,NULL,NULL,38
1362,1362,2,2,7,NULL,NULL,38
1363,1363,2,2,7,NULL,NULL,38
1364,1364,2,2,7,NULL,NULL,38
1365,1365,2,2,7,NULL,NULL,33
1366,1366,2,2,7,NULL,NULL,38
1367,1367,2,2,7,NULL,NULL,38
1368,1368,2,2,7,NULL,NULL,38
1369,1369,2,2,7,NULL,NULL,38
1370,1370,2,2,7,NULL,NULL,38
1371,1371,2,2,7,NULL,NULL,38
1372,1372,2,2,7,NULL,NULL,38
1373,1373,2,2,7,NULL,NULL,38
1374,1374,2,2,7,NULL,NULL,38
1375,1375,2,2,7,NULL,NULL,38
1376,1376,2,2,7,NULL,NULL,38
1377,1377,2,2,7,NULL,NULL,32
1378,1378,2,2,7,NULL,NULL,1
1379,1379,2,2,7,NULL,NULL,47
1380,1380,2,2,7,NULL,NULL,32
1381,1381,2,2,7,NULL,NULL,32
1382,1382,2,2,7,NULL,NULL,38
1383,1383,2,2,7,NULL,NULL,38
1384,1384,2,2,7,NULL,NULL,38
1385,1385,2,2,7,NULL,NULL,33
1386,1386,2,2,7,NULL,NULL,38
1387,1387,2,2,7,NULL,NULL,38
1388,1388,2,2,7,NULL,NULL,1
1389,1389,2,2,7,NULL,NULL,33
1390,1390,2,2,7,NULL,NULL,38
1391,1391,2,2,7,NULL,NULL,38
1392,1392,2,2,7,NULL,NULL,38
1393,1393,2,2,7,NULL,NULL,38
1394,1394,2,2,7,NULL,NULL,38
1395,1395,2,2,7,NULL,NULL,38
1396,1396,2,2,7,NULL,NULL,38
1397,1397,2,2,7,NULL,NULL,9
1398,1398,2,2,7,NULL,NULL,43
1399,1399,2,2,7,NULL,NULL,38
1400,1400,2,2,7,11,NULL,NULL
1401,1401,2,2,7,12,NULL,39
1402,1402,2,2,9,NULL,NULL,43
1403,1403,2,2,9,NULL,NULL,38
1404,1404,2,2,9,NULL,NULL,38
1405,1405,2,2,9,NULL,NULL,38
1406,1406,2,2,9,NULL,NULL,38
1407,1407,2,2,9,NULL,NULL,38
1408,1408,2,2,9,NULL,NULL,38
1409,1409,2,2,9,NULL,NULL,38
1410,1410,2,2,9,NULL,NULL,38
1411,1411,2,2,9,NULL,NULL,38
1412,1412,2,2,9,NULL,NULL,38
1413,1413,2,2,9,NULL,NULL,38
1414,1414,2,2,9,NULL,NULL,43
1415,1415,2,2,9,NULL,NULL,43
1416,1416,2,2,9,NULL,NULL,38
1417,1417,2,2,9,NULL,NULL,43
1418,1418,2,2,9,NULL,NULL,32
1419,1419,2,2,9,NULL,NULL,32
1420,1420,2,2,9,NULL,NULL,38
1421,1421,2,2,9,NULL,NULL,43
1422,1422,2,2,9,NULL,NULL,43
1423,1423,2,2,9,NULL,NULL,38
1424,1424,2,2,9,NULL,NULL,43
1425,1425,2,2,9,NULL,NULL,38
1426,1426,2,2,9,NULL,NULL,38
1427,1427,2,2,9,NULL,NULL,38
1428,1428,2,2,9,NULL,NULL,38
1429,1429,2,2,9,NULL,NULL,38
1430,1430,2,2,9,NULL,NULL,38
1431,1431,2,2,9,NULL,NULL,38
1432,1432,2,2,9,NULL,NULL,38
1433,1433,2,2,9,NULL,NULL,38
1434,1434,2,2,9,NULL,NULL,43
1435,1435,2,2,9,NULL,NULL,38
1436,1436,2,2,9,NULL,NULL,38
1437,1437,2,2,9,NULL,NULL,38
1438,1438,2,2,9,NULL,NULL,38
1439,1439,2,2,10,NULL,NULL,1
1440,1440,2,2,10,NULL,NULL,38
1441,1441,2,2,10,NULL,NULL,38
1442,1442,2,2,10,NULL,NULL,38
1443,1443,2,2,10,NULL,NULL,38
1444,1444,2,2,10,NULL,NULL,38
1445,1445,2,2,10,NULL,NULL,38
1446,1446,2,2,10,NULL,NULL,38
1447,1447,2,2,10,NULL,NULL,38
1448,1448,2,2,10,NULL,NULL,38
1449,1449,2,2,10,NULL,NULL,38
1450,1450,2,2,10,NULL,NULL,38
1451,1451,2,2,10,NULL,NULL,38
1452,1452,2,2,10,NULL,NULL,38
1453,1453,2,2,10,NULL,NULL,38
1454,1454,2,2,10,NULL,NULL,38
1455,1455,2,2,10,NULL,NULL,38
1456,1456,2,2,10,NULL,NULL,38
1457,1457,2,2,10,NULL,NULL,38
1458,1458,2,2,10,NULL,NULL,61
1459,1459,2,2,10,NULL,NULL,38
1460,1460,2,2,10,NULL,NULL,38
1461,1461,2,2,10,NULL,NULL,38
1462,1462,2,2,10,NULL,NULL,56
1463,1463,2,2,10,NULL,NULL,1
1464,1464,2,2,10,NULL,NULL,60
1465,1465,2,2,10,NULL,NULL,60
1466,1466,2,2,10,NULL,NULL,54
1467,1467,2,2,10,NULL,NULL,54
1468,1468,2,2,10,NULL,NULL,58
1469,1469,2,2,10,NULL,NULL,54
1470,1470,2,2,10,NULL,NULL,55
1471,1471,2,2,10,NULL,NULL,56
1472,1472,2,2,10,NULL,NULL,54
1473,1473,2,2,10,NULL,NULL,55
1474,1474,2,2,10,NULL,NULL,55
1475,1475,2,2,10,NULL,NULL,55
1476,1476,2,2,10,NULL,NULL,1
1477,1477,2,2,10,NULL,NULL,56
1478,1478,2,2,10,NULL,NULL,54
1479,1479,2,2,10,10,NULL,1
1480,1480,2,2,10,13,NULL,56
1481,1481,2,2,10,14,NULL,54
1482,1482,2,2,10,NULL,NULL,61
1483,1483,2,2,10,NULL,NULL,62
1484,1484,2,2,10,NULL,NULL,60
1485,1485,2,2,10,NULL,NULL,56
1486,1486,2,2,10,NULL,NULL,54
1487,1487,2,2,10,NULL,NULL,54
1488,1488,2,2,10,NULL,NULL,56
1489,1489,2,2,10,NULL,NULL,54
1490,1490,2,2,10,NULL,NULL,56
1491,1491,2,2,10,NULL,NULL,56
1492,1492,2,2,10,NULL,NULL,54
1493,1493,2,2,10,NULL,NULL,54
1494,1494,2,2,10,NULL,NULL,54
1495,1495,2,2,10,NULL,NULL,38
1496,1496,2,2,10,NULL,NULL,38
1497,1497,2,2,10,NULL,NULL,38
1498,1498,2,2,10,NULL,NULL,38
1499,1499,2,2,10,NULL,NULL,38
1500,1500,2,2,10,NULL,NULL,38
1501,1501,2,2,10,NULL,NULL,38
1502,1502,2,2,10,NULL,NULL,62
1503,1503,2,2,10,NULL,NULL,60
1504,1504,2,2,10,NULL,NULL,60
1505,1505,2,2,10,NULL,NULL,54
1506,1506,2,2,10,NULL,NULL,58
1507,1507,2,2,10,NULL,NULL,1
1508,1508,2,2,10,NULL,NULL,1
1509,1509,2,2,10,NULL,NULL,1
1510,1510,2,2,10,NULL,NULL,55
1511,1511,2,2,10,NULL,NULL,55
1512,1512,2,2,10,NULL,NULL,43
1513,1513,2,2,10,NULL,NULL,1
1514,1514,2,2,10,NULL,NULL,1
1515,1515,2,2,10,NULL,NULL,1
1516,1516,2,2,10,NULL,NULL,1
1517,1517,2,2,10,NULL,NULL,1
1518,1518,2,2,10,NULL,NULL,1
1519,1519,2,2,10,NULL,NULL,1
1520,1520,2,2,10,NULL,NULL,1
1521,1521,2,2,10,NULL,NULL,1
1522,1522,2,2,10,NULL,NULL,1
1523,1523,2,2,10,NULL,NULL,1
1524,1524,2,2,10,NULL,NULL,1
1525,1525,2,2,10,NULL,NULL,1
1526,1526,2,2,10,NULL,NULL,1
1527,1527,2,2,10,NULL,NULL,1
1528,1528,2,2,10,NULL,NULL,1
1529,1529,2,2,10,NULL,NULL,1
1530,1530,2,2,10,NULL,NULL,1
1531,1531,2,2,10,NULL,NULL,1
1532,1532,2,2,10,NULL,NULL,1
1533,1533,2,2,10,NULL,NULL,1
1534,1534,2,2,10,NULL,NULL,1
1535,1535,2,2,10,NULL,NULL,1
1536,1536,2,2,10,NULL,NULL,1
1537,1537,2,2,10,NULL,NULL,38
1538,1538,2,2,10,NULL,NULL,58
1539,1539,2,2,10,NULL,NULL,58
1540,1540,2,2,10,NULL,NULL,1
1541,1541,2,2,10,NULL,NULL,60
1542,1542,2,2,10,NULL,NULL,58
1543,1543,2,2,10,NULL,NULL,60
1544,1544,2,2,10,NULL,NULL,60
1545,1545,2,2,10,NULL,NULL,1
1546,1546,2,2,10,NULL,NULL,61
1547,1547,2,2,10,NULL,NULL,61
1548,1548,2,2,11,NULL,NULL,38
1549,1549,2,2,11,NULL,NULL,38
1550,1550,2,2,11,NULL,NULL,38
1551,1551,2,2,11,NULL,NULL,38
1552,1552,2,2,11,NULL,NULL,38
1553,1553,2,2,11,NULL,NULL,38
1554,1554,2,2,11,NULL,NULL,38
1555,1555,2,2,11,NULL,NULL,38
1556,1556,2,2,11,NULL,NULL,41
1557,1557,2,2,11,NULL,NULL,38
1558,1558,2,2,11,NULL,NULL,38
1559,1559,2,2,11,NULL,NULL,38
1560,1560,2,2,11,NULL,NULL,38
1561,1561,2,2,11,NULL,NULL,43
1562,1562,2,2,11,NULL,NULL,38
1563,1563,2,2,11,NULL,NULL,45
1564,1564,2,2,11,NULL,NULL,33
1565,1565,2,2,11,NULL,NULL,38
1566,1566,2,2,1,NULL,NULL,38
1567,1567,2,2,1,NULL,NULL,38
1568,1568,2,2,1,NULL,NULL,38
1569,1569,2,2,1,NULL,NULL,1
1570,1570,2,2,1,NULL,NULL,38
1571,1571,2,2,5,NULL,NULL,32
1572,1572,2,2,5,NULL,NULL,33
1573,1573,2,2,5,NULL,NULL,33
1574,1574,2,2,5,NULL,NULL,33
1575,1575,2,2,5,NULL,NULL,43
1576,1576,2,2,5,NULL,NULL,43
1577,1577,2,2,5,NULL,NULL,43
1578,1578,2,2,5,NULL,NULL,33
1579,1579,2,2,5,NULL,NULL,33
1580,1580,2,2,5,NULL,NULL,43
1581,1581,2,2,5,NULL,NULL,43
1582,1582,2,2,5,NULL,NULL,43
1583,1583,2,2,5,NULL,NULL,43
1584,1584,2,2,5,NULL,NULL,33
1585,1585,2,2,5,NULL,NULL,33
1586,1586,2,2,5,NULL,NULL,33
1587,1587,2,2,5,NULL,NULL,32
1588,1588,2,2,5,NULL,NULL,32
1589,1589,2,2,5,NULL,NULL,32
1590,1590,2,2,5,NULL,NULL,33
1591,1591,2,2,5,NULL,NULL,32
1592,1592,2,2,5,NULL,NULL,32
1593,1593,2,2,5,NULL,NULL,32
1594,1594,2,2,5,NULL,NULL,32
1595,1595,2,2,5,NULL,NULL,38
1596,1596,2,2,5,NULL,NULL,43
1597,1597,2,2,5,NULL,NULL,33
1598,1598,2,2,5,NULL,NULL,33
1599,1599,2,2,5,NULL,NULL,33
1600,1600,2,2,5,NULL,NULL,32
1601,1601,2,2,5,NULL,NULL,32
1602,1602,2,2,5,NULL,NULL,32
1603,1603,2,2,5,NULL,NULL,32
1604,1604,2,2,5,NULL,NULL,32
1605,1605,2,2,5,NULL,NULL,32
1606,1606,2,2,5,NULL,NULL,43
1607,1607,2,2,5,NULL,NULL,43
1608,1608,2,2,5,NULL,NULL,43
1609,1609,2,2,5,NULL,NULL,33
1610,1610,2,2,5,NULL,NULL,33
1611,1611,2,2,5,NULL,NULL,43
1612,1612,2,2,5,NULL,NULL,33
1613,1613,2,2,5,NULL,NULL,43
1614,1614,2,2,5,NULL,NULL,33
1615,1615,2,2,5,NULL,NULL,33
1616,1616,2,2,5,NULL,NULL,43
1617,1617,2,2,5,NULL,NULL,69
1618,1618,2,2,5,NULL,NULL,33
1619,1619,2,2,5,NULL,NULL,32
1620,1620,2,2,5,NULL,NULL,32
1621,1621,2,2,5,NULL,NULL,32
1622,1622,2,2,5,NULL,NULL,32
1623,1623,2,2,5,NULL,NULL,32
1624,1624,2,2,5,NULL,NULL,32
1625,1625,2,2,5,NULL,NULL,43
1626,1626,2,2,5,NULL,NULL,43
1627,1627,2,2,5,NULL,NULL,43
1628,1628,2,2,5,NULL,NULL,43
1629,1629,2,2,5,NULL,NULL,33
1630,1630,2,2,5,NULL,NULL,33
1631,1631,2,2,5,NULL,NULL,33
1632,1632,2,2,5,NULL,NULL,43
1633,1633,2,2,5,NULL,NULL,43
1634,1634,2,2,5,NULL,NULL,43
1635,1635,2,2,5,NULL,NULL,43
1636,1636,2,2,5,NULL,NULL,43
1637,1637,2,2,5,NULL,NULL,43
1638,1638,2,2,5,NULL,NULL,43
1639,1639,2,2,5,NULL,NULL,43
1640,1640,2,2,5,NULL,NULL,43
1641,1641,2,2,5,NULL,NULL,43
1642,1642,2,2,5,NULL,NULL,43
1643,1643,2,2,5,NULL,NULL,43
1644,1644,2,2,5,NULL,NULL,43
1645,1645,2,2,5,NULL,NULL,43
1646,1646,2,2,5,NULL,NULL,38
1647,1647,2,2,5,NULL,NULL,70
1648,1648,2,2,5,NULL,NULL,70
1649,1649,2,2,5,NULL,NULL,70
1650,1650,2,2,5,NULL,NULL,70
1651,1651,2,2,5,NULL,NULL,70
1652,1652,2,2,5,NULL,NULL,70
1653,1653,2,2,5,NULL,NULL,43
1654,1654,2,2,5,NULL,NULL,32
1655,1655,2,2,5,NULL,NULL,32
1656,1656,2,2,5,NULL,NULL,38
1657,1657,2,3,7,15,NULL,35
1658,1658,2,3,7,16,NULL,NULL
1659,1659,2,3,7,17,NULL,35
1660,1660,2,3,7,18,NULL,46
1661,1661,2,3,7,19,NULL,35
1662,1662,2,3,7,20,NULL,35
1663,1663,2,3,7,21,NULL,35
1664,1664,2,3,7,22,NULL,46
1665,1665,2,3,7,23,NULL,46
1666,1666,2,3,7,24,NULL,35
1667,1667,2,3,7,NULL,NULL,43
1668,1668,2,3,7,25,NULL,38
1669,1669,2,3,7,26,NULL,32
1670,1670,2,3,7,27,NULL,56
1671,1671,2,3,7,28,NULL,43
1672,1672,2,3,7,29,NULL,1
1673,1673,2,3,7,28,NULL,43
1674,1674,2,3,7,24,NULL,35
1675,1675,2,3,7,NULL,NULL,48
1676,1676,2,3,10,NULL,NULL,40
1677,1677,2,3,1,NULL,NULL,71
1678,1678,2,3,1,NULL,NULL,71
1679,1679,2,3,5,30,NULL,35
1680,1680,2,4,7,NULL,NULL,69
1681,1681,2,4,7,NULL,NULL,72
1682,1682,2,4,7,NULL,NULL,69
1683,1683,2,4,7,NULL,NULL,37
1684,1684,2,4,7,NULL,NULL,37
1685,1685,2,4,7,NULL,NULL,37
1686,1686,2,4,7,NULL,NULL,37
1687,1687,2,4,7,NULL,NULL,37
1688,1688,2,4,7,NULL,NULL,69
1689,1689,2,4,7,NULL,NULL,72
1690,1690,2,4,7,NULL,NULL,73
1691,1691,2,4,7,NULL,NULL,69
1692,1692,2,4,7,NULL,NULL,2
1693,1693,2,4,7,NULL,NULL,69
1694,1694,2,4,7,NULL,NULL,69
1695,1695,2,4,7,NULL,NULL,73
1696,1696,2,4,7,NULL,NULL,73
1697,1697,2,4,10,NULL,NULL,69
1698,1698,2,4,10,NULL,NULL,69
1699,1699,2,4,10,NULL,NULL,39
1700,1700,2,4,10,NULL,NULL,39
1701,1701,2,4,10,NULL,NULL,72
1702,1702,2,4,10,NULL,NULL,69
1703,1703,1,4,2,31,NULL,74
1704,1704,1,2,2,NULL,NULL,27
1705,1705,2,1,1,NULL,NULL,33
1706,1706,1,3,2,32,NULL,11
1707,1707,2,1,3,NULL,NULL,27
1708,1708,2,3,7,33,NULL,75
1709,1709,1,2,2,34,NULL,27
1710,1710,1,2,3,35,NULL,76
1711,1711,2,1,11,36,NULL,NULL
1712,1712,2,2,5,37,NULL,77
1713,1713,1,2,7,38,NULL,4
1714,1714,2,2,8,39,NULL,51
1715,1715,2,2,8,39,NULL,51
1716,1716,2,2,8,39,NULL,51
1717,1717,2,2,8,39,NULL,51
1718,1718,2,2,8,39,NULL,51
1719,1719,2,2,8,39,NULL,51
1720,1720,1,3,2,40,NULL,27
1721,1721,1,2,3,NULL,NULL,78
1722,1722,1,3,2,41,NULL,27
1723,1723,1,2,6,42,NULL,79
